parameter,avg_anomaly_scores
0.010095,
0.02009,
0.030085,
0.040080000000000005,
0.05007500000000001,
0.06007000000000001,
0.07006500000000002,
0.08006000000000002,
0.09005500000000002,
0.10005000000000003,
0.11004500000000003,
0.12004000000000004,
0.13003500000000004,
0.14003000000000004,
0.15002500000000005,
0.16002000000000005,
0.17001500000000005,
0.18001000000000006,
0.19000500000000006,
0.20000000000000007,
