parameter,avg_anomaly_scores
0.004098,
0.008095999999999999,
0.012093999999999999,
0.016092,
0.020089999999999997,
0.024088,
0.028086,
0.032084,
0.036082,
0.040080000000000005,
0.044078000000000006,
0.04807600000000001,
0.05207400000000001,
0.05607200000000001,
0.06007000000000001,
0.06406800000000001,
0.06806600000000002,
0.07206400000000002,
0.07606200000000002,
0.08006000000000002,
0.08405800000000002,
0.08805600000000002,
0.09205400000000002,
0.09605200000000003,
0.10005000000000003,
0.10404800000000003,
0.10804600000000003,
0.11204400000000003,
0.11604200000000003,
0.12004000000000004,
0.12403800000000004,
0.12803600000000004,
0.13203400000000004,
0.13603200000000004,
0.14003000000000004,
0.14402800000000004,
0.14802600000000005,
0.15202400000000005,
0.15602200000000005,
0.16002000000000005,
0.16401800000000005,
0.16801600000000005,
0.17201400000000006,
0.17601200000000006,
0.18001000000000006,
0.18400800000000006,
0.18800600000000006,
0.19200400000000006,
0.19600200000000007,
0.20000000000000007,
