{"1": {"range_": [0.004098, 0.008095999999999999, 0.012093999999999999, 0.016092, 0.020089999999999997, 0.024088, 0.028086, 0.032084, 0.036082, 0.040080000000000005, 0.044078000000000006, 0.04807600000000001, 0.05207400000000001, 0.05607200000000001, 0.06007000000000001, 0.06406800000000001, 0.06806600000000002, 0.07206400000000002, 0.07606200000000002, 0.08006000000000002, 0.08405800000000002, 0.08805600000000002, 0.09205400000000002, 0.09605200000000003, 0.10005000000000003, 0.10404800000000003, 0.10804600000000003, 0.11204400000000003, 0.11604200000000003, 0.12004000000000004, 0.12403800000000004, 0.12803600000000004, 0.13203400000000004, 0.13603200000000004, 0.14003000000000004, 0.14402800000000004, 0.14802600000000005, 0.15202400000000005, 0.15602200000000005, 0.16002000000000005, 0.16401800000000005, 0.16801600000000005, 0.17201400000000006, 0.17601200000000006, 0.18001000000000006, 0.18400800000000006, 0.18800600000000006, 0.19200400000000006, 0.19600200000000007, 0.20000000000000007], "neg_range_": [-0.004098, -0.008095999999999999, -0.012093999999999999, -0.016092, -0.020089999999999997, -0.024088, -0.028086, -0.032084, -0.036082, -0.040080000000000005, -0.044078000000000006, -0.04807600000000001, -0.05207400000000001, -0.05607200000000001, -0.06007000000000001, -0.06406800000000001, -0.06806600000000002, -0.07206400000000002, -0.07606200000000002, -0.08006000000000002, -0.08405800000000002, -0.08805600000000002, -0.09205400000000002, -0.09605200000000003, -0.10005000000000003, -0.10404800000000003, -0.10804600000000003, -0.11204400000000003, -0.11604200000000003, -0.12004000000000004, -0.12403800000000004, -0.12803600000000004, -0.13203400000000004, -0.13603200000000004, -0.14003000000000004, -0.14402800000000004, -0.14802600000000005, -0.15202400000000005, -0.15602200000000005, -0.16002000000000005, -0.16401800000000005, -0.16801600000000005, -0.17201400000000006, -0.17601200000000006, -0.18001000000000006, -0.18400800000000006, -0.18800600000000006, -0.19200400000000006, -0.19600200000000007, -0.20000000000000007], "scores": [2.0695450386907908, 1.5320984942162665, 1.6358988540206914, 1.7712537112251843, 1.986383546792873, 2.083206317448595, 2.267356535073424, 2.283860433231328, 2.485676906102604, 2.6433034055389495, 2.993332561138812, 2.975666122318409, 3.1934895731946926, 3.3255082827047655, 3.705304338370078, 3.5998000023343337, 3.9235654145231016, 4.01796829808429, 4.303071946340385, 4.586463064686802, 4.439707188115164, 5.593069755463305, 5.905449332928302, 6.478401943898895, 6.502167603417116, 6.320893212948118, 6.134532010159655, 5.970714551595431, 5.803287000398566, 5.623530302821909, 5.464169464155638, 5.319155431334067, 5.184193665186535, 5.0504148773545845, 4.935225148858098, 4.814415652527898, 4.699410681215544, 4.60333761406848, 4.506527889398397, 4.401925810519568, 4.306856705797971, 4.220475922982719, 4.143538427563467, 4.056526913983802, 3.972830026939394, 3.89349733224498, 3.823243237385605, 3.7562701305938915, 3.6887661521814827, 3.6206076728480854]}, "1234": {"range_": [0.004098, 0.008095999999999999, 0.012093999999999999, 0.016092, 0.020089999999999997, 0.024088, 0.028086, 0.032084, 0.036082, 0.040080000000000005, 0.044078000000000006, 0.04807600000000001, 0.05207400000000001, 0.05607200000000001, 0.06007000000000001, 0.06406800000000001, 0.06806600000000002, 0.07206400000000002, 0.07606200000000002, 0.08006000000000002, 0.08405800000000002, 0.08805600000000002, 0.09205400000000002, 0.09605200000000003, 0.10005000000000003, 0.10404800000000003, 0.10804600000000003, 0.11204400000000003, 0.11604200000000003, 0.12004000000000004, 0.12403800000000004, 0.12803600000000004, 0.13203400000000004, 0.13603200000000004, 0.14003000000000004, 0.14402800000000004, 0.14802600000000005, 0.15202400000000005, 0.15602200000000005, 0.16002000000000005, 0.16401800000000005, 0.16801600000000005, 0.17201400000000006, 0.17601200000000006, 0.18001000000000006, 0.18400800000000006, 0.18800600000000006, 0.19200400000000006, 0.19600200000000007, 0.20000000000000007], "neg_range_": [-0.004098, -0.008095999999999999, -0.012093999999999999, -0.016092, -0.020089999999999997, -0.024088, -0.028086, -0.032084, -0.036082, -0.040080000000000005, -0.044078000000000006, -0.04807600000000001, -0.05207400000000001, -0.05607200000000001, -0.06007000000000001, -0.06406800000000001, -0.06806600000000002, -0.07206400000000002, -0.07606200000000002, -0.08006000000000002, -0.08405800000000002, -0.08805600000000002, -0.09205400000000002, -0.09605200000000003, -0.10005000000000003, -0.10404800000000003, -0.10804600000000003, -0.11204400000000003, -0.11604200000000003, -0.12004000000000004, -0.12403800000000004, -0.12803600000000004, -0.13203400000000004, -0.13603200000000004, -0.14003000000000004, -0.14402800000000004, -0.14802600000000005, -0.15202400000000005, -0.15602200000000005, -0.16002000000000005, -0.16401800000000005, -0.16801600000000005, -0.17201400000000006, -0.17601200000000006, -0.18001000000000006, -0.18400800000000006, -0.18800600000000006, -0.19200400000000006, -0.19600200000000007, -0.20000000000000007], "scores": [2.0695450386907908, 1.67850326918504, 1.8264586659401263, 1.8909585986644126, 2.1621104597278156, 2.1134776809723848, 2.3325832064720213, 2.32176020813812, 2.586059172582198, 2.534753462568197, 2.959234532766232, 2.9823441415242984, 3.036621588720159, 3.041209324765028, 3.201361436786474, 3.611445799519265, 3.7488414470833726, 3.8079708959950103, 4.0913252815507635, 4.40757831741087, 5.029982698047125, 5.5492280491951655, 6.054877123877771, 6.478401943898895, 6.478158712928639, 6.311622846861107, 6.130259213272013, 5.931445805858429, 5.797586729193202, 5.632821443735057, 5.468303856609432, 5.325535226122524, 5.19218680839353, 5.0638612841246395, 4.928460844571633, 4.82035825643377, 4.703145605300224, 4.598876464800865, 4.48535688089157, 4.391061548875709, 4.312617437856724, 4.216693331148851, 4.12476223130463, 4.046961127590799, 3.9655082834646787, 3.888480148538332, 3.8145269086797504, 3.7496892898099414, 3.6869327949070003, 3.6211768676158584]}, "300": {"range_": [0.004098, 0.008095999999999999, 0.012093999999999999, 0.016092, 0.020089999999999997, 0.024088, 0.028086, 0.032084, 0.036082, 0.040080000000000005, 0.044078000000000006, 0.04807600000000001, 0.05207400000000001, 0.05607200000000001, 0.06007000000000001, 0.06406800000000001, 0.06806600000000002, 0.07206400000000002, 0.07606200000000002, 0.08006000000000002, 0.08405800000000002, 0.08805600000000002, 0.09205400000000002, 0.09605200000000003, 0.10005000000000003, 0.10404800000000003, 0.10804600000000003, 0.11204400000000003, 0.11604200000000003, 0.12004000000000004, 0.12403800000000004, 0.12803600000000004, 0.13203400000000004, 0.13603200000000004, 0.14003000000000004, 0.14402800000000004, 0.14802600000000005, 0.15202400000000005, 0.15602200000000005, 0.16002000000000005, 0.16401800000000005, 0.16801600000000005, 0.17201400000000006, 0.17601200000000006, 0.18001000000000006, 0.18400800000000006, 0.18800600000000006, 0.19200400000000006, 0.19600200000000007, 0.20000000000000007],