{"1": {"range_": [0.010095, 0.02009, 0.030085, 0.040080000000000005, 0.05007500000000001, 0.06007000000000001, 0.07006500000000002, 0.08006000000000002, 0.09005500000000002, 0.10005000000000003, 0.11004500000000003, 0.12004000000000004, 0.13003500000000004, 0.14003000000000004, 0.15002500000000005, 0.16002000000000005, 0.17001500000000005, 0.18001000000000006, 0.19000500000000006, 0.20000000000000007], "neg_range_": [-0.010095, -0.02009, -0.030085, -0.040080000000000005, -0.05007500000000001, -0.06007000000000001, -0.07006500000000002, -0.08006000000000002, -0.09005500000000002, -0.10005000000000003, -0.11004500000000003, -0.12004000000000004, -0.13003500000000004, -0.14003000000000004, -0.15002500000000005, -0.16002000000000005, -0.17001500000000005, -0.18001000000000006, -0.19000500000000006, -0.20000000000000007], "scores": [-0.022257719078227014, -0.011184226999507106, -0.0074685369664482665, -0.0056060589199524394, -0.004487085083634587, -0.002159082161746379, -0.0018510818533660112, -0.0006212327175895434, -0.0005522834703543, -0.0004973587274255116, 0.00016137521203547564, 0.000147932878671421, 0.0007841408058560181, 0.0012275101588221002, 0.0016056681537432655, 0.00150534524504328, 0.00141682156112424, 0.0013381311106313634, 0.0012680552972061947, 0.0015505868106492704], "knee_point": 0.040080000000000005}}