{"0": {"range_": [0.010095, 0.010095, 0.010095, 0.010095, 0.010095, 0.06007000000000001, 0.06007000000000001, 0.06007000000000001, 0.06007000000000001, 0.06007000000000001, 0.11004500000000002, 0.11004500000000002, 0.11004500000000002, 0.11004500000000002, 0.11004500000000002, 0.16002000000000002, 0.16002000000000002, 0.16002000000000002, 0.16002000000000002, 0.16002000000000002], "neg_range_": [-0.010095, -0.010095, -0.010095, -0.010095, -0.010095, -0.06007000000000001, -0.06007000000000001, -0.06007000000000001, -0.06007000000000001, -0.06007000000000001, -0.11004500000000002, -0.11004500000000002, -0.11004500000000002, -0.11004500000000002, -0.11004500000000002, -0.16002000000000002, -0.16002000000000002, -0.16002000000000002, -0.16002000000000002, -0.16002000000000002], "avg_anomaly_scores": [-0.14282550895836835, -0.14700400369858502, -0.14445084213382725, -0.1360340396681827, -0.1527807182282412, -0.0700521268229434, -0.0695471686101301, -0.06784756424953363, -0.06926228780475509, -0.07023205995821118, -0.050098595421179205, -0.049586134965508726, -0.05194877086741794, -0.05034835058380703, -0.05248137064491349, -0.04456220613110179, -0.04314682648253711, -0.04214831608767298, -0.04358903618234309, -0.0436161556745829], "knee_point": 0.010095}, "1": {"range_": [0.010095, 0.010095, 0.010095, 0.010095, 0.010095, 0.06007000000000001, 0.06007000000000001, 0.06007000000000001, 0.06007000000000001, 0.06007000000000001, 0.11004500000000002, 0.11004500000000002, 0.11004500000000002, 0.11004500000000002, 0.11004500000000002, 0.16002000000000002, 0.16002000000000002, 0.16002000000000002, 0.16002000000000002, 0.16002000000000002], "neg_range_": [-0.010095, -0.010095, -0.010095, -0.010095, -0.010095, -0.06007000000000001, -0.06007000000000001, -0.06007000000000001, -0.06007000000000001, -0.06007000000000001, -0.11004500000000002, -0.11004500000000002, -0.11004500000000002, -0.11004500000000002, -0.11004500000000002, -0.16002000000000002, -0.16002000000000002, -0.16002000000000002, -0.16002000000000002, -0.16002000000000002], "avg_anomaly_scores": [-0.15497148374124442, -0.14529019012610483, -0.14563001713179133, -0.14326872827639847, -0.14173415549604346, -0.0695371280613275, -0.06742838547929261, -0.06859240134873926, -0.06853986225451929, -0.06935317282073396, -0.05250933345808201, -0.05060691611379556, -0.051390773772606736, -0.052151482824238045, -0.05073638299667917, -0.04268807077048605, -0.043226818437323025, -0.04318026128648002, -0.04283097760675437, -0.04282845078548434], "knee_point": 0.010095}, "2": {"range_": [0.010095, 0.010095, 0.010095, 0.010095, 0.010095, 0.06007000000000001, 0.06007000000000001, 0.06007000000000001, 0.06007000000000001, 0.06007000000000001, 0.11004500000000002, 0.11004500000000002, 0.11004500000000002, 0.11004500000000002, 0.11004500000000002, 0.16002000000000002, 0.16002000000000002, 0.16002000000000002, 0.16002000000000002, 0.16002000000000002], "neg_range_": [-0.010095, -0.010095, -0.010095, -0.010095, -0.010095, -0.06007000000000001, -0.06007000000000001, -0.06007000000000001, -0.06007000000000001, -0.06007000000000001, -0.11004500000000002, -0.11004500000000002, -0.11004500000000002, -0.11004500000000002, -0.11004500000000002, -0.16002000000000002, -0.16002000000000002, -0.16002000000000002, -0.16002000000000002, -0.16002000000000002], "avg_anomaly_scores": [-0.14287105448798354, -0.14823220739095036, -0.15049002272249865, -0.14911295463954227, -0.1319304763599902, -0.07014662028455698, -0.06892090766006054, -0.06790712654546607, -0.06940379535154921, -0.07017845277635566, -0.0520918635535843, -0.05186468667724273, -0.05121313006165034, -0.05152637974242981, -0.052716865126373746, -0.04276719808093488, -0.04458452585714359, -0.043865117137698216, -0.04350879938201908, -0.04288497176566494], "knee_point": 0.010095}, "3": {"range_": [0.010095, 0.010095, 0.010095, 0.010095, 0.010095, 0.06007000000000001, 0.06007000000000001, 0.06007000000000001, 0.06007000000000001, 0.06007000000000001, 0.11004500000000002, 0.11004500000000002, 0.11004500000000002, 0.11004500000000002, 0.11004500000000002, 0.16002000000000002, 0.16002000000000002, 0.16002000000000002, 0.16002000000000002, 0.16002000000000002], "neg_range_": [-0.010095, -0.010095, -0.010095, -0.010095, -0.010095, -0.06007000000000001, -0.06007000000000001, -0.06007000000000001, -0.06007000000000001, -0.06007000000000001, -0.11004500000000002, -0.11004500000000002, -0.11004500000000002, -0.11004500000000002, -0.11004500000000002, -0.16002000000000002, -0.16002000000000002, -0.16002000000000002, -0.16002000000000002, -0.16002000000000002], "avg_anomaly_scores": [-0.15041785325379553, -0.13911774311023292, -0.14229192281145914, -0.13937052513858444, -0.1457623967542601, -0.0683096996075605, -0.06877548416043601, -0.06973928088952423, -0.07009553568611954, -0.06705969778351888, -0.0509172108749927, -0.05218626257683807, -0.0519186830047461, -0.0522934035815949, -0.05138596817780909, -0.04275707476163517, -0.04149882031067369, -0.0429047471113629, -0.04304296649635649, -0.04221820492556438], "knee_point": 0.010095}, "4": {"range_": [0.010095, 0.010095, 0.010095, 0.010095, 0.010095, 0.06007000000000001, 0.06007000000000001, 0.06007000000000001, 0.06007000000000001, 0.06007000000000001, 0.11004500000000002, 0.11004500000000002, 0.11004500000000002, 0.11004500000000002, 0.11004500000000002, 0.16002000000000002, 0.16002000000000002, 0.16002000000000002, 0.16002000000000002, 0.16002000000000002], "neg_range_": [-0.010095, -0.010095, -0.010095, -0.010095, -0.010095, -0.06007000000000001, -0.06007000000000001, -0.06007000000000001, -0.06007000000000001, -0.06007000000000001, -0.11004500000000002, -0.11004500000000002, -0.11004500000000002, -0.11004500000000002, -0.11004500000000002, -0.16002000000000002, -0.16002000000000002, -0.16002000000000002, -0.16002000000000002, -0.16002000000000002], "avg_anomaly_scores": [-0.14726748876277382, -0.14671421220379835, -0.15215757797830332, -0.13936368745480723, -0.13866156597436255, -0.06907514282568221, -0.06799177352869176, -0.07025581128107417, -0.06748067515652406, -0.07046201436233171, -0.05167825016607703, -0.05201073057310965, -0.05295054669329379, -0.05053600951083985, -0.05042502656646934, -0.044888485515183214, -0.04267898687535121, -0.04557320918794838, -0.04283539056846903, -0.04450594928379057], "knee_point": 0.010095}}